strategy,symbol,n_trades,total_pnl_usdt,gross_pnl_usdt,total_fees_usdt,win_rate_pct,sharpe,sortino,calmar,max_drawdown_pct,profit_factor,group
B_Base RF Model,ETH_USDT,1605,10905.42,14436.78,3531.35,45.6,1.33,0.361,0.507,-17.44,1.25,B_New
B_Trend RF Model,SHIB_USDT,666,7166.4,7729.55,563.15,51.5,1.321,0.318,1.783,-6.41,1.44,B_New
B_Base RF Model,BNB_USDT,1387,10430.15,12856.49,2426.34,46.6,1.298,0.295,0.815,-10.77,1.33,B_New
B_Base RF Model,LINK_USDT,1079,9056.32,11948.56,2892.24,49.6,1.139,0.264,0.597,-15.47,1.24,B_New
B_Base RF Model,SOL_USDT,974,6715.86,9090.13,2374.27,47.1,1.133,0.301,0.534,-17.56,1.22,B_New
B_GARCH Volatility Position Sizing,BNB_USDT,1045,10514.97,12767.02,2252.05,50.1,1.045,0.254,1.022,-8.65,1.33,B_New
B_MACD Centerline Cross + Divergence,DOGE_USDT,2746,8652.57,12532.21,3879.64,47.3,1.014,0.558,1.036,-9.21,1.22,B_New
B_Trend RF Model,DOGE_USDT,655,9281.06,11106.69,1825.64,49.9,1.009,0.298,1.87,-5.39,1.46,B_New
B_Base RF Model,AVAX_USDT,847,5562.87,7830.9,2268.04,48.6,0.966,0.242,0.489,-16.74,1.21,B_New
B_Base RF Model,TRX_USDT,1041,5551.34,8240.15,2688.81,48.8,0.948,0.197,0.51,-11.28,1.27,B_New
B_Base RF Model,HBAR_USDT,827,7037.26,8986.9,1949.64,46.9,0.93,0.224,0.882,-9.53,1.27,B_New
A_RSI Mean Reversion,HBAR_USDT,109,1852.77,2074.96,222.2,61.5,0.924,0.091,0.511,-5.11,1.99,A_Original
B_Base RF Model,DOGE_USDT,834,6681.81,8641.26,1959.45,47.4,0.922,0.2,0.881,-8.83,1.29,B_New
A_RSI Mean Reversion,SHIB_USDT,84,1102.2,1149.98,47.78,60.7,0.921,0.062,0.697,-3.04,1.76,A_Original
B_Keltner Channel Breakout,BNB_USDT,1054,8906.23,10690.33,1784.1,47.0,0.909,0.242,1.02,-7.64,1.29,B_New
A_Bollinger Band Reversion,ICP_USDT,715,3618.36,5219.13,1600.78,65.9,0.907,0.109,0.453,-14.08,1.22,A_Original
B_Futures Short RF Model,DOGE_USDT,727,7729.12,9716.28,1987.15,45.1,0.903,0.233,0.964,-9.06,1.32,B_New
B_Donchian Breakout,SHIB_USDT,270,3121.06,3303.41,182.35,51.1,0.884,0.165,0.851,-6.57,1.52,B_New
B_GARCH Volatility Position Sizing,SOL_USDT,684,5770.18,7861.74,2091.57,49.3,0.871,0.208,0.62,-13.33,1.22,B_New
B_Elliott Wave + Base ML,NEAR_USDT,319,3826.63,4696.27,869.65,47.6,0.866,0.154,0.536,-11.19,1.35,B_New
B_Futures Short RF Model,BNB_USDT,834,6229.65,7518.91,1289.27,51.6,0.86,0.173,0.465,-12.63,1.32,B_New
B_Elliott Wave + Base ML,XRP_USDT,356,4588.65,5244.55,655.9,46.6,0.86,0.164,0.731,-6.61,1.54,B_New
B_Elliott Wave + Base ML,DOGE_USDT,327,4463.92,5279.64,815.72,46.5,0.854,0.129,1.032,-5.38,1.49,B_New
B_Trend RF Model,ICP_USDT,444,3443.44,4640.41,1196.97,52.0,0.825,0.107,0.771,-7.92,1.27,B_New
B_GARCH Volatility Position Sizing,DOGE_USDT,763,10578.16,13148.17,2570.01,44.3,0.797,0.313,0.807,-13.8,1.34,B_New
B_Base RF Model,ADA_USDT,1012,5371.91,7635.19,2263.28,47.6,0.792,0.173,0.286,-19.22,1.17,B_New
B_Base RF Model,XRP_USDT,988,4617.5,6407.95,1790.45,45.2,0.761,0.165,0.524,-9.28,1.21,B_New
B_Futures Short RF Model,NEAR_USDT,529,4329.94,5945.51,1615.57,49.3,0.761,0.154,0.452,-14.79,1.21,B_New
B_MACD Centerline Cross + Divergence,ICP_USDT,2067,2980.67,5711.63,2730.96,49.2,0.756,0.265,0.564,-9.51,1.12,B_New
B_Base RF Model,BTC_USDT,1688,3977.52,6392.37,2414.85,42.8,0.755,0.21,0.288,-13.61,1.15,B_New
B_Keltner Channel Breakout,NEAR_USDT,710,4421.27,6254.24,1832.97,47.0,0.743,0.174,0.73,-9.32,1.18,B_New
B_Elliott Wave + Base ML,SOL_USDT,516,3376.64,4684.85,1308.21,46.9,0.74,0.154,0.475,-10.94,1.21,B_New
B_Elliott Wave + Base ML,BNB_USDT,620,6220.89,7235.72,1014.83,46.0,0.729,0.198,0.687,-8.53,1.36,B_New
B_Futures Short RF Model,AVAX_USDT,526,4117.0,5728.48,1611.48,48.1,0.713,0.165,0.381,-16.61,1.21,B_New
B_Futures Short RF Model,HBAR_USDT,676,4847.93,6657.23,1809.3,44.2,0.712,0.192,0.434,-14.21,1.21,B_New
B_Elliott Wave + Base ML,HBAR_USDT,370,3573.82,4368.26,794.44,45.7,0.711,0.121,0.351,-13.49,1.33,B_New
"B_SuperTrend (ATR×3, 10)",SOL_USDT,641,3076.25,4287.38,1211.13,41.8,0.684,0.168,0.399,-11.99,1.18,B_New
B_Keltner Channel Breakout,SOL_USDT,761,3636.36,5294.38,1658.02,46.5,0.679,0.158,0.625,-8.89,1.15,B_New
B_Futures Short RF Model,SOL_USDT,543,3094.79,4363.29,1268.5,48.6,0.677,0.122,0.298,-16.14,1.18,B_New
B_Ichimoku Cloud,AVAX_USDT,1091,4398.8,7283.5,2884.7,41.0,0.677,0.229,0.655,-10.23,1.13,B_New
B_GARCH Volatility Position Sizing,AVAX_USDT,633,3860.51,5821.95,1961.44,47.6,0.674,0.15,0.398,-15.02,1.16,B_New
B_Futures Short RF Model,LINK_USDT,722,4065.83,5839.64,1773.81,52.6,0.672,0.123,0.267,-17.91,1.16,B_New
B_MACD Centerline Cross + Divergence,SOL_USDT,2297,3064.01,5683.35,2619.34,48.8,0.67,0.244,0.352,-13.55,1.1,B_New
A_Bollinger Band Reversion,HBAR_USDT,934,2599.69,4116.76,1517.07,63.6,0.668,0.099,0.256,-13.94,1.14,A_Original
B_MACD Centerline Cross + Divergence,ATOM_USDT,2814,3579.93,7125.23,3545.3,49.2,0.662,0.231,0.407,-10.96,1.1,B_New
B_Ichimoku Cloud,SHIB_USDT,977,3420.61,4156.68,736.07,37.3,0.661,0.254,0.643,-9.45,1.14,B_New
B_Donchian Breakout,BNB_USDT,718,4707.05,5819.78,1112.72,42.8,0.661,0.154,0.274,-16.99,1.24,B_New
B_Ichimoku Cloud,ADA_USDT,1594,5345.46,8645.72,3300.26,39.2,0.657,0.223,0.337,-16.24,1.11,B_New
B_OFI Momentum,SHIB_USDT,1486,2808.59,3799.59,991.0,43.7,0.654,0.21,0.6,-8.47,1.13,B_New
B_Keltner Channel Breakout,AVAX_USDT,737,3324.51,5239.88,1915.37,47.8,0.653,0.133,0.603,-8.69,1.16,B_New
B_Elliott Wave + Base ML,AVAX_USDT,417,2895.15,4019.8,1124.65,45.8,0.645,0.125,0.339,-13.63,1.2,B_New
B_Ichimoku Cloud,DOGE_USDT,1347,7059.06,9962.8,2903.74,37.5,0.644,0.274,0.543,-14.95,1.17,B_New
B_Ichimoku Cloud,NEAR_USDT,1092,4267.83,7000.38,2732.55,42.1,0.632,0.218,0.422,-15.64,1.11,B_New
B_MACD Centerline Cross + Divergence,HBAR_USDT,2778,5332.4,8663.38,3330.98,48.8,0.631,0.346,0.546,-12.25,1.14,B_New
B_Futures Short RF Model,ADA_USDT,800,3825.38,5511.63,1686.26,45.4,0.631,0.134,0.311,-13.19,1.17,B_New
B_GARCH Volatility Position Sizing,NEAR_USDT,630,3671.87,5542.89,1871.02,48.9,0.629,0.134,0.336,-17.21,1.15,B_New
A_MACD Momentum,DOGE_USDT,2880,5834.86,9595.73,3760.87,37.5,0.628,0.458,0.341,-20.36,1.13,A_Original
B_Elliott Wave + Base ML,LINK_USDT,494,2890.89,3990.33,1099.44,49.0,0.625,0.099,0.22,-16.07,1.18,B_New
A_Ensemble A (RSI+MACD+BB),SHIB_USDT,2671,2292.61,4250.49,1957.88,41.7,0.624,0.254,0.294,-14.35,1.08,A_Original
B_GARCH Volatility Position Sizing,SHIB_USDT,532,3166.11,3558.45,392.34,43.2,0.605,0.162,0.643,-8.82,1.2,B_New
B_Base RF Model,DOT_USDT,785,2521.19,4189.84,1668.65,48.5,0.59,0.126,0.287,-14.0,1.12,B_New
B_GARCH Volatility Position Sizing,XRP_USDT,898,4338.19,6153.86,1815.66,44.5,0.59,0.145,0.459,-10.03,1.19,B_New
B_Elliott Wave + Base ML,ADA_USDT,419,2849.34,3599.57,750.23,47.7,0.589,0.09,0.337,-9.4,1.23,B_New
A_Ensemble A (RSI+MACD+BB),XRP_USDT,4255,2945.54,6853.16,3907.62,41.1,0.588,0.261,0.175,-18.79,1.07,A_Original
"B_SuperTrend (ATR×3, 10)",BNB_USDT,902,3891.07,5003.39,1112.32,41.1,0.588,0.146,0.563,-7.01,1.22,B_New
"B_SuperTrend (ATR×3, 10)",NEAR_USDT,612,2623.8,3811.76,1187.97,42.0,0.588,0.163,0.267,-16.05,1.14,B_New
B_GARCH Volatility Position Sizing,LINK_USDT,873,4104.05,6298.92,2194.87,49.7,0.586,0.124,0.338,-14.27,1.13,B_New
A_MACD Momentum,XRP_USDT,3356,3995.64,7631.05,3635.41,37.8,0.582,0.298,0.3,-14.3,1.1,A_Original
"B_SuperTrend (ATR×3, 10)",ADA_USDT,868,3039.15,4431.76,1392.61,38.6,0.581,0.163,0.171,-19.6,1.14,B_New
B_Keltner Channel Breakout,SHIB_USDT,604,2638.13,3035.63,397.5,44.7,0.578,0.154,0.484,-9.92,1.17,B_New
B_Base RF Model,SHIB_USDT,560,2503.29,2896.04,392.75,44.8,0.578,0.134,0.358,-12.78,1.16,B_New
"B_SuperTrend (ATR×3, 10)",DOGE_USDT,688,2877.2,3959.52,1082.31,37.9,0.573,0.168,0.332,-11.36,1.2,B_New
B_Funding Rate Arb,DOT_USDT,2,92.45,101.3,8.84,100.0,0.569,0.0,0.0,0.0,inf,B_New
B_MTF SMA-200 Filter,SHIB_USDT,2216,3814.18,5587.63,1773.45,34.4,0.567,0.319,0.519,-12.88,1.1,B_New
B_Keltner Channel Breakout,ETH_USDT,1114,3457.35,5091.44,1634.09,45.2,0.564,0.141,0.44,-7.89,1.13,B_New
B_Futures Short RF Model,SHIB_USDT,527,2452.34,2829.45,377.12,44.8,0.563,0.151,0.34,-13.21,1.17,B_New
"B_SuperTrend (ATR×3, 10)",BTC_USDT,872,1936.16,2988.97,1052.81,41.2,0.56,0.133,0.197,-10.43,1.16,B_New
B_Funding Rate Arb,ICP_USDT,8,587.22,843.78,256.56,50.0,0.548,0.03,0.65,-1.77,3.52,B_New
B_OU Mean-Reversion Entry,LTC_USDT,3,28.25,30.41,2.16,100.0,0.548,0.0,0.0,0.0,inf,B_New
B_GARCH Volatility Position Sizing,ETH_USDT,1061,3318.97,5216.63,1897.65,49.6,0.533,0.093,0.204,-16.4,1.12,B_New
B_Ichimoku Cloud,BNB_USDT,1679,4581.49,6743.54,2162.05,41.0,0.532,0.155,0.372,-12.2,1.12,B_New
B_MACD Centerline Cross + Divergence,XRP_USDT,3266,2931.96,6256.14,3324.17,46.7,0.523,0.2,0.217,-15.05,1.09,B_New
B_Base RF Model,NEAR_USDT,766,2513.06,4327.43,1814.38,46.9,0.519,0.11,0.162,-25.4,1.1,B_New
B_Donchian Breakout,NEAR_USDT,454,2351.96,3449.7,1097.74,47.4,0.515,0.093,0.271,-14.3,1.16,B_New
"B_SuperTrend (ATR×3, 10)",SHIB_USDT,519,1897.13,2231.34,334.21,41.0,0.515,0.148,0.407,-8.7,1.18,B_New
B_GARCH Volatility Position Sizing,ADA_USDT,909,3261.78,5237.13,1975.35,46.4,0.501,0.102,0.197,-18.13,1.12,B_New
B_MACD Centerline Cross + Divergence,NEAR_USDT,2294,2379.52,5136.02,2756.5,47.8,0.5,0.173,0.193,-20.32,1.07,B_New
B_GARCH Volatility Position Sizing,BTC_USDT,1077,2351.52,4056.39,1704.87,50.6,0.499,0.092,0.183,-13.4,1.12,B_New
B_Elliott Wave + Base ML,SHIB_USDT,293,2137.17,2332.95,195.78,43.3,0.498,0.116,0.285,-13.9,1.24,B_New
B_Futures Short RF Model,DOT_USDT,533,1994.96,3451.29,1456.33,48.0,0.494,0.09,0.209,-15.5,1.13,B_New
B_Trend RF Model,APT_USDT,283,1082.0,2510.26,1428.27,49.1,0.491,0.082,0.246,-11.93,1.14,B_New
B_Keltner Channel Breakout,ADA_USDT,1034,3116.8,5163.77,2046.97,45.6,0.485,0.119,0.191,-17.95,1.1,B_New
B_GARCH Volatility Position Sizing,HBAR_USDT,739,3153.07,4918.52,1765.45,44.2,0.48,0.114,0.262,-16.19,1.13,B_New
B_Elliott Wave + Base ML,TRX_USDT,326,1823.61,2262.07,438.45,45.4,0.478,0.058,0.353,-6.07,1.25,B_New
B_MACD Centerline Cross + Divergence,BNB_USDT,3489,2530.63,5512.27,2981.64,47.6,0.473,0.165,0.173,-15.61,1.08,B_New
A_MACD Momentum,SHIB_USDT,2116,2009.38,3439.87,1430.49,37.6,0.464,0.191,0.281,-13.28,1.08,A_Original
B_Ichimoku Cloud,ETH_USDT,1748,3229.84,5805.56,2575.72,39.8,0.462,0.147,0.19,-17.14,1.08,B_New
A_MACD Momentum,BNB_USDT,3491,3028.54,6146.83,3118.29,38.3,0.459,0.207,0.257,-12.32,1.08,A_Original
A_RSI Mean Reversion,ICP_USDT,83,849.37,1011.27,161.9,56.6,0.445,0.029,0.31,-5.32,1.37,A_Original
B_Keltner Channel Breakout,DOGE_USDT,790,3020.75,4608.3,1587.55,43.4,0.441,0.095,0.376,-10.46,1.13,B_New
B_Elliott Wave + Base ML,ETH_USDT,840,2218.61,3391.13,1172.52,46.2,0.439,0.081,0.181,-12.83,1.12,B_New
B_Funding Rate Arb,NEAR_USDT,1,181.72,194.12,12.39,100.0,0.424,0.0,0.0,0.0,inf,B_New
B_Ichimoku Cloud,XRP_USDT,1588,3053.1,5582.26,2529.16,36.1,0.423,0.156,0.17,-19.89,1.08,B_New
B_Funding Rate Arb,SOL_USDT,1,31.52,41.74,10.22,100.0,0.418,0.0,0.0,0.0,inf,B_New
B_OU Mean-Reversion Entry,SOL_USDT,1,8.05,8.51,0.46,100.0,0.418,0.0,0.0,0.0,inf,B_New
B_Elliott Wave + Base ML,DOT_USDT,341,1484.95,2220.79,735.84,44.9,0.415,0.071,0.2,-12.29,1.14,B_New
B_Trend RF Model,NEAR_USDT,433,1709.82,2629.29,919.47,49.2,0.413,0.058,0.218,-13.23,1.12,B_New
B_OU Mean-Reversion Entry,XRP_USDT,2,30.45,31.05,0.6,100.0,0.411,0.0,0.0,0.0,inf,B_New
B_GARCH Volatility Position Sizing,TRX_USDT,989,2325.75,4542.03,2216.27,48.7,0.411,0.083,0.22,-12.22,1.12,B_New
B_VWAP Reversion,ICP_USDT,2262,1369.87,4001.61,2631.74,60.2,0.403,0.09,0.189,-13.79,1.05,B_New
A_Bollinger Band Reversion,SOL_USDT,804,1398.9,2550.89,1151.99,61.7,0.396,0.054,0.266,-8.69,1.09,A_Original
B_Donchian Breakout,ETH_USDT,540,1789.11,2591.62,802.51,47.0,0.389,0.055,0.199,-9.58,1.13,B_New
B_OU Mean-Reversion Entry,BTC_USDT,5,49.52,51.02,1.51,80.0,0.385,0.0,0.621,-0.09,6.4,B_New
A_MACD Momentum,ETH_USDT,3536,2117.58,5577.01,3459.43,36.8,0.38,0.158,0.113,-19.8,1.05,A_Original
B_Funding Rate Arb,SUI_USDT,2,71.44,100.13,28.68,50.0,0.379,0.0,0.73,-0.32,3.18,B_New
B_Elliott Wave + Base ML,BTC_USDT,739,1430.79,2241.38,810.59,48.0,0.377,0.07,0.089,-17.3,1.1,B_New
B_Volatility Breakout (TTM Squeeze),APT_USDT,217,694.9,1593.39,898.48,43.8,0.377,0.063,0.203,-9.41,1.14,B_New
"B_SuperTrend (ATR×3, 10)",AVAX_USDT,627,1396.96,2586.34,1189.39,40.7,0.374,0.094,0.176,-13.4,1.09,B_New
"B_SuperTrend (ATR×3, 10)",ETH_USDT,946,1756.66,3000.52,1243.86,36.9,0.37,0.101,0.093,-20.26,1.09,B_New
B_Trend RF Model,DOT_USDT,422,1314.24,2240.58,926.34,49.5,0.364,0.047,0.16,-13.64,1.11,B_New
B_Base RF Model,ATOM_USDT,985,1914.14,3922.45,2008.31,48.2,0.355,0.072,0.105,-24.14,1.06,B_New
B_Futures Short RF Model,UNI_USDT,544,1441.52,2556.62,1115.1,48.5,0.35,0.065,0.186,-12.99,1.09,B_New
B_OU Mean-Reversion Entry,BNB_USDT,1,6.91,7.21,0.3,100.0,0.343,0.0,0.0,0.0,inf,B_New
B_OU Mean-Reversion Entry,ETH_USDT,1,8.5,10.09,1.59,100.0,0.339,0.0,0.0,0.0,inf,B_New
A_Ensemble A (RSI+MACD+BB),DOGE_USDT,3564,1533.37,4740.59,3207.22,40.8,0.339,0.149,0.099,-21.25,1.04,A_Original
B_OFI Momentum,AVAX_USDT,1737,1599.3,3834.62,2235.32,44.7,0.338,0.111,0.19,-14.1,1.05,B_New
B_Base RF Model,UNI_USDT,789,1392.58,2843.75,1451.17,47.8,0.335,0.065,0.23,-10.16,1.07,B_New
B_MACD Centerline Cross + Divergence,ADA_USDT,3261,1825.54,5250.25,3424.71,47.8,0.334,0.097,0.097,-21.61,1.04,B_New
B_Keltner Channel Breakout,LINK_USDT,925,1819.38,3459.95,1640.57,48.4,0.329,0.07,0.218,-10.63,1.07,B_New
B_Keltner Channel Breakout,ICP_USDT,617,1251.68,2937.34,1685.66,44.9,0.327,0.073,0.153,-15.63,1.08,B_New
A_Bollinger Band Reversion,SHIB_USDT,693,776.66,1198.23,421.57,64.6,0.323,0.041,0.165,-9.17,1.08,A_Original
B_Base RF Model,LTC_USDT,1342,1789.8,3811.76,2021.96,45.7,0.322,0.07,0.103,-19.28,1.06,B_New
B_MTF SMA-200 Filter,XRP_USDT,3482,2244.04,6547.58,4303.54,34.2,0.312,0.138,0.104,-24.62,1.04,B_New
B_MTF SMA-200 Filter,DOT_USDT,2308,1486.4,5457.43,3971.03,38.4,0.309,0.131,0.141,-17.35,1.04,B_New
B_Elliott Wave + Base ML,SUI_USDT,155,456.25,983.93,527.68,47.1,0.299,0.042,0.165,-9.04,1.11,B_New
B_Trend RF Model,ADA_USDT,757,1443.44,2822.45,1379.01,48.3,0.296,0.046,0.087,-19.51,1.07,B_New
B_Futures Short RF Model,TRX_USDT,933,1324.38,3119.58,1795.2,49.2,0.29,0.051,0.156,-10.2,1.08,B_New
"B_SuperTrend (ATR×3, 10)",LTC_USDT,899,1246.23,2428.02,1181.79,39.8,0.289,0.075,0.06,-23.38,1.07,B_New
B_Trend RF Model,LINK_USDT,725,1351.3,2735.23,1383.93,50.6,0.287,0.048,0.106,-16.55,1.06,B_New
A_RSI Mean Reversion,DOGE_USDT,106,360.03,510.33,150.29,56.6,0.285,0.015,0.188,-2.76,1.21,A_Original
B_Futures Short RF Model,XRP_USDT,744,1495.65,2793.74,1298.09,44.4,0.284,0.054,0.142,-12.34,1.08,B_New
B_Keltner Channel Breakout,DOT_USDT,720,1133.76,2865.49,1731.73,47.6,0.283,0.056,0.172,-11.06,1.06,B_New
B_MACD Centerline Cross + Divergence,LINK_USDT,2980,1463.07,4466.63,3003.56,48.0,0.276,0.101,0.087,-21.65,1.04,B_New
A_RSI Mean Reversion,APT_USDT,60,251.47,508.11,256.64,63.3,0.269,0.014,0.086,-8.21,1.17,A_Original
B_Trend RF Model,AVAX_USDT,664,1048.84,2662.44,1613.61,48.2,0.265,0.048,0.159,-11.24,1.06,B_New
A_RSI Mean Reversion,ATOM_USDT,121,380.58,642.18,261.6,52.1,0.256,0.021,0.15,-3.56,1.16,A_Original
B_MACD Centerline Cross + Divergence,BTC_USDT,3462,930.34,3930.27,2999.93,47.0,0.253,0.079,0.047,-21.77,1.04,B_New
A_Bollinger Band Reversion,NEAR_USDT,782,887.72,2178.99,1291.28,62.5,0.247,0.033,0.119,-12.93,1.05,A_Original
B_Futures Short RF Model,ICP_USDT,438,780.36,2184.37,1404.0,46.8,0.246,0.045,0.085,-17.95,1.06,B_New
B_VWAP Reversion,SOL_USDT,2512,894.42,3396.94,2502.52,61.0,0.238,0.054,0.083,-18.19,1.03,B_New
B_MACD Centerline Cross + Divergence,SHIB_USDT,2120,733.35,2122.77,1389.42,47.5,0.237,0.08,0.141,-10.13,1.03,B_New
A_Bollinger Band Reversion,XRP_USDT,1084,817.13,2145.73,1328.6,64.4,0.234,0.028,0.071,-13.82,1.05,A_Original
B_Donchian Breakout,XRP_USDT,442,907.72,1655.7,747.99,42.5,0.232,0.045,0.116,-9.4,1.1,B_New
B_OFI Momentum,ADA_USDT,2395,1185.96,3874.51,2688.55,43.8,0.23,0.063,0.058,-24.08,1.03,B_New
B_Trend RF Model,BTC_USDT,1252,1015.8,2773.42,1757.62,43.9,0.23,0.049,0.074,-15.15,1.05,B_New
B_Donchian Breakout,AVAX_USDT,464,839.17,2009.43,1170.26,46.6,0.229,0.042,0.09,-16.13,1.05,B_New
B_MTF SMA-200 Filter,DOGE_USDT,3103,1539.96,5357.77,3817.81,33.9,0.227,0.114,0.078,-27.25,1.03,B_New
B_MTF SMA-200 Filter,LINK_USDT,3110,1361.97,5473.06,4111.09,36.7,0.222,0.095,0.068,-26.01,1.02,B_New
B_Ichimoku Cloud,TRX_USDT,1560,1121.94,4257.19,3135.26,37.9,0.22,0.071,0.062,-21.76,1.04,B_New
B_Ichimoku Cloud,ICP_USDT,1001,879.48,3333.26,2453.77,39.0,0.218,0.071,0.132,-12.87,1.03,B_New
B_Donchian Breakout,LINK_USDT,574,846.28,1846.2,999.92,47.9,0.211,0.035,0.075,-14.96,1.05,B_New
B_Futures Short RF Model,ETH_USDT,815,783.03,1820.62,1037.59,52.0,0.208,0.032,0.058,-14.95,1.05,B_New
"B_SuperTrend (ATR×3, 10)",TRX_USDT,927,711.37,2324.27,1612.9,37.5,0.206,0.051,0.049,-17.95,1.05,B_New
A_RSI Mean Reversion,NEAR_USDT,103,305.54,500.36,194.82,52.4,0.203,0.011,0.141,-3.84,1.13,A_Original
B_MACD Centerline Cross + Divergence,SUI_USDT,1222,368.88,1807.32,1438.44,46.9,0.198,0.073,0.075,-16.16,1.02,B_New
B_Ornstein-Uhlenbeck Filter,ICP_USDT,2534,628.29,3408.9,2780.61,53.7,0.197,0.06,0.059,-20.77,1.02,B_New
"B_SuperTrend (ATR×3, 10)",LINK_USDT,813,742.72,1923.0,1180.28,42.3,0.194,0.05,0.065,-15.26,1.04,B_New
B_Ichimoku Cloud,SOL_USDT,1147,879.06,2972.6,2093.54,39.8,0.193,0.064,0.082,-18.15,1.03,B_New
B_Trend RF Model,XRP_USDT,710,855.95,1880.48,1024.53,45.5,0.184,0.025,0.082,-12.62,1.05,B_New
B_MTF SMA-200 Filter,BNB_USDT,3491,1077.97,4118.93,3040.96,35.8,0.173,0.066,0.07,-17.26,1.02,B_New
B_OFI Momentum,DOGE_USDT,2059,880.14,2909.51,2029.37,42.6,0.172,0.067,0.062,-20.09,1.03,B_New
A_MACD Momentum,DOT_USDT,2324,582.84,3114.44,2531.61,39.3,0.17,0.078,0.074,-13.54,1.02,A_Original
B_Ensemble B (VWAP+Don+Kelt+Fund+OFI),SOL_USDT,3602,608.2,3615.53,3007.32,53.5,0.167,0.052,0.076,-13.56,1.01,B_New
"B_SuperTrend (ATR×3, 10)",SUI_USDT,372,278.29,1068.76,790.48,39.5,0.165,0.048,0.087,-10.49,1.03,B_New
B_Volatility Breakout (TTM Squeeze),HBAR_USDT,375,768.87,1375.71,606.84,46.4,0.163,0.04,0.078,-14.4,1.08,B_New
B_Donchian Breakout,HBAR_USDT,566,559.45,1661.66,1102.21,44.5,0.157,0.03,0.043,-19.35,1.04,B_New
B_Futures Short RF Model,BTC_USDT,857,481.98,1644.74,1162.76,50.3,0.154,0.023,0.033,-16.34,1.04,B_New
B_MTF SMA-200 Filter,SOL_USDT,2420,645.98,3862.03,3216.05,37.2,0.153,0.058,0.047,-23.42,1.01,B_New
B_MACD Centerline Cross + Divergence,ETH_USDT,3456,604.29,3754.27,3149.98,46.4,0.152,0.047,0.022,-30.68,1.02,B_New
B_Ichimoku Cloud,LINK_USDT,1447,702.11,3118.26,2416.14,40.8,0.147,0.047,0.037,-25.49,1.02,B_New
"B_SuperTrend (ATR×3, 10)",XRP_USDT,821,489.75,1490.64,1000.89,37.9,0.138,0.031,0.029,-20.69,1.03,B_New
B_GARCH Volatility Position Sizing,ICP_USDT,521,411.02,1983.24,1572.21,44.0,0.134,0.03,0.051,-16.02,1.03,B_New
A_MACD Momentum,ADA_USDT,3299,579.11,3664.88,3085.76,37.7,0.131,0.051,0.034,-20.73,1.01,A_Original
B_Keltner Channel Breakout,TRX_USDT,1091,488.93,2789.86,2300.94,42.0,0.13,0.03,0.033,-18.49,1.02,B_New
B_Donchian Breakout,BTC_USDT,546,353.53,1182.86,829.32,46.5,0.122,0.018,0.029,-13.97,1.04,B_New
B_Donchian Breakout,DOT_USDT,461,322.38,1331.26,1008.87,45.1,0.121,0.021,0.033,-17.07,1.03,B_New
B_GARCH Volatility Position Sizing,DOT_USDT,629,378.13,1929.31,1551.18,48.5,0.12,0.022,0.025,-25.86,1.02,B_New
A_RSI Mean Reversion,LTC_USDT,153,228.13,409.66,181.53,52.9,0.119,0.007,0.043,-6.32,1.07,A_Original
B_MTF SMA-200 Filter,AVAX_USDT,2399,320.85,3881.33,3560.47,35.6,0.106,0.045,0.022,-25.45,1.01,B_New
B_Trend RF Model,ATOM_USDT,557,324.59,1366.89,1042.3,48.8,0.105,0.016,0.03,-15.4,1.02,B_New
B_Donchian Breakout,ICP_USDT,380,237.28,1193.51,956.23,44.2,0.105,0.016,0.032,-14.57,1.02,B_New
A_RSI Mean Reversion,DOT_USDT,101,169.48,376.0,206.51,58.4,0.102,0.005,0.047,-6.29,1.07,A_Original
B_Volatility Breakout (TTM Squeeze),UNI_USDT,362,231.6,798.36,566.76,44.8,0.102,0.012,0.034,-11.92,1.03,B_New
B_Elliott Wave + Base ML,UNI_USDT,361,242.18,948.82,706.65,46.0,0.098,0.014,0.037,-11.43,1.02,B_New
B_OFI Momentum,SOL_USDT,1780,275.67,2251.07,1975.41,45.3,0.098,0.028,0.018,-26.45,1.01,B_New
B_MTF SMA-200 Filter,NEAR_USDT,2408,265.85,3480.64,3214.79,37.0,0.098,0.042,0.019,-24.73,1.01,B_New
B_OFI Momentum,XRP_USDT,2397,339.5,2488.51,2149.01,43.2,0.096,0.028,0.024,-17.6,1.01,B_New
B_Ichimoku Cloud,HBAR_USDT,1320,295.87,2393.7,2097.83,38.6,0.096,0.044,0.013,-34.6,1.01,B_New
B_Donchian Breakout,ADA_USDT,590,313.85,1271.44,957.58,47.3,0.093,0.015,0.025,-15.69,1.02,B_New
A_Bollinger Band Reversion,ADA_USDT,1114,285.53,1576.83,1291.3,63.5,0.093,0.012,0.04,-8.67,1.02,A_Original
A_Bollinger Band Reversion,LINK_USDT,1012,273.33,1499.04,1225.71,63.6,0.091,0.012,0.027,-13.46,1.01,A_Original
A_Bollinger Band Reversion,AVAX_USDT,785,201.9,1508.32,1306.42,60.6,0.089,0.013,0.017,-21.22,1.01,A_Original
B_Trend RF Model,HBAR_USDT,563,249.18,1442.7,1193.53,47.4,0.085,0.019,0.019,-19.62,1.01,B_New
B_Ichimoku Cloud,BTC_USDT,1763,282.77,2353.46,2070.69,39.0,0.084,0.024,0.017,-18.8,1.01,B_New
B_OFI Momentum,DOT_USDT,1670,165.67,2244.92,2079.25,44.9,0.076,0.022,0.017,-16.91,1.01,B_New
B_MTF SMA-200 Filter,ICP_USDT,2152,110.15,3449.22,3339.06,33.7,0.074,0.032,0.008,-28.8,1.0,B_New
B_MTF SMA-200 Filter,ETH_USDT,3626,176.76,3957.3,3780.54,33.4,0.066,0.026,0.007,-27.83,1.0,B_New
B_Keltner Channel Breakout,BTC_USDT,1119,161.57,1472.19,1310.63,44.5,0.062,0.014,0.01,-17.85,1.01,B_New
B_VWAP Reversion,NEAR_USDT,2612,94.57,2539.68,2445.11,61.6,0.061,0.013,0.01,-16.14,1.0,B_New
B_Keltner Channel Breakout,HBAR_USDT,820,29.06,1452.32,1423.27,44.3,0.058,0.022,0.002,-29.1,1.0,B_New
B_Elliott Wave + Base ML,LTC_USDT,673,115.82,1018.4,902.58,47.4,0.052,0.009,0.009,-15.83,1.01,B_New
B_Funding Rate Arb,ATOM_USDT,2,11.01,41.76,30.75,50.0,0.05,0.0,0.029,-0.54,1.2,B_New
B_Keltner Channel Breakout,XRP_USDT,972,57.51,1305.8,1248.29,41.0,0.046,0.01,0.002,-28.89,1.0,B_New
B_Elliott Wave + Base ML,ICP_USDT,303,35.87,929.67,893.8,44.2,0.044,0.006,0.007,-10.27,1.0,B_New
B_MTF SMA-200 Filter,HBAR_USDT,2914,-152.39,3130.62,3283.0,34.9,0.04,0.021,-0.008,-28.79,1.0,B_New
B_Donchian Breakout,TRX_USDT,766,52.56,1719.41,1666.86,41.5,0.039,0.007,0.005,-12.64,1.0,B_New
A_MACD Momentum,SOL_USDT,2327,-27.08,2183.33,2210.41,38.5,0.036,0.015,-0.003,-18.19,1.0,A_Original
A_Ensemble A (RSI+MACD+BB),LINK_USDT,3876,10.22,3537.38,3527.17,42.6,0.036,0.014,0.0,-34.59,1.0,A_Original
B_Donchian Breakout,ATOM_USDT,604,2.8,1448.9,1446.1,44.2,0.033,0.006,0.0,-18.81,1.0,B_New
B_Trend RF Model,UNI_USDT,441,-19.69,710.94,730.63,47.8,0.031,0.004,-0.002,-20.73,1.0,B_New
A_Ensemble A (RSI+MACD+BB),ICP_USDT,2605,-20.54,2645.03,2665.57,41.4,0.03,0.013,-0.002,-24.35,1.0,A_Original
B_GARCH Volatility Position Sizing,ATOM_USDT,794,-55.94,1538.28,1594.22,49.0,0.029,0.006,-0.003,-30.73,1.0,B_New
B_MTF SMA-200 Filter,ADA_USDT,3445,-138.2,3755.83,3894.04,34.4,0.028,0.011,-0.007,-24.67,1.0,B_New
B_OFI Momentum,ETH_USDT,2589,-17.18,2294.68,2311.87,42.8,0.026,0.008,-0.001,-26.42,1.0,B_New
B_Trend RF Model,TRX_USDT,609,-7.42,1374.56,1381.99,43.8,0.023,0.003,-0.001,-17.75,1.0,B_New
A_Ensemble A (RSI+MACD+BB),BNB_USDT,4407,-31.32,3041.81,3073.13,42.0,0.02,0.008,-0.002,-17.18,1.0,A_Original
A_Bollinger Band Reversion,DOT_USDT,840,-44.11,1213.93,1258.04,64.4,0.019,0.002,-0.006,-13.49,1.0,A_Original
B_Volatility Breakout (TTM Squeeze),SHIB_USDT,336,-24.17,164.58,188.76,43.5,0.014,0.002,-0.006,-8.46,1.0,B_New
B_Ornstein-Uhlenbeck Filter,NEAR_USDT,2948,-143.26,2450.39,2593.66,54.0,0.008,0.003,-0.013,-19.43,1.0,B_New
B_VWAP Reversion,SHIB_USDT,1915,-84.12,1087.8,1171.93,59.8,0.003,0.001,-0.01,-16.12,1.0,B_New
A_MACD Momentum,LINK_USDT,3089,-204.61,2677.3,2881.91,38.6,0.002,0.001,-0.01,-28.14,1.0,A_Original
Base_ML_MetaFiltered,ICP_USDT,0,0.0,0.0,0.0,0.0,0.0,0.0,0.0,0.0,inf,B_New
Ensemble_MetaFiltered,ICP_USDT,0,0.0,0.0,0.0,0.0,0.0,0.0,0.0,0.0,inf,B_New
MACD_MetaFiltered,ICP_USDT,0,0.0,0.0,0.0,0.0,0.0,0.0,0.0,0.0,inf,B_New
B_OU Mean-Reversion Entry,ICP_USDT,0,0.0,0.0,0.0,0.0,0.0,0.0,0.0,0.0,inf,B_New
B_OU Mean-Reversion Entry,SUI_USDT,0,0.0,0.0,0.0,0.0,0.0,0.0,0.0,0.0,inf,B_New
RSI_MetaFiltered,DOT_USDT,0,0.0,0.0,0.0,0.0,0.0,0.0,0.0,0.0,inf,B_New
MACD_MetaFiltered,DOT_USDT,0,0.0,0.0,0.0,0.0,0.0,0.0,0.0,0.0,inf,B_New
Ensemble_MetaFiltered,DOT_USDT,0,0.0,0.0,0.0,0.0,0.0,0.0,0.0,0.0,inf,B_New
B_Funding Rate Arb,LINK_USDT,0,0.0,0.0,0.0,0.0,0.0,0.0,0.0,0.0,inf,B_New
Base_ML_MetaFiltered,DOT_USDT,0,0.0,0.0,0.0,0.0,0.0,0.0,0.0,0.0,inf,B_New
RSI_MetaFiltered,ICP_USDT,0,0.0,0.0,0.0,0.0,0.0,0.0,0.0,0.0,inf,B_New
Ensemble_MetaFiltered,ETH_USDT,0,0.0,0.0,0.0,0.0,0.0,0.0,0.0,0.0,inf,B_New
Base_ML_MetaFiltered,LTC_USDT,0,0.0,0.0,0.0,0.0,0.0,0.0,0.0,0.0,inf,B_New
Ensemble_MetaFiltered,LTC_USDT,0,0.0,0.0,0.0,0.0,0.0,0.0,0.0,0.0,inf,B_New
RSI_MetaFiltered,ETH_USDT,0,0.0,0.0,0.0,0.0,0.0,0.0,0.0,0.0,inf,B_New
B_Funding Rate Arb,LTC_USDT,0,0.0,0.0,0.0,0.0,0.0,0.0,0.0,0.0,inf,B_New
MACD_MetaFiltered,ETH_USDT,0,0.0,0.0,0.0,0.0,0.0,0.0,0.0,0.0,inf,B_New
Base_ML_MetaFiltered,UNI_USDT,0,0.0,0.0,0.0,0.0,0.0,0.0,0.0,0.0,inf,B_New
RSI_MetaFiltered,XRP_USDT,0,0.0,0.0,0.0,0.0,0.0,0.0,0.0,0.0,inf,B_New
B_Funding Rate Arb,UNI_USDT,0,0.0,0.0,0.0,0.0,0.0,0.0,0.0,0.0,inf,B_New
Base_ML_MetaFiltered,BNB_USDT,0,0.0,0.0,0.0,0.0,0.0,0.0,0.0,0.0,inf,B_New
B_Funding Rate Arb,XRP_USDT,0,0.0,0.0,0.0,0.0,0.0,0.0,0.0,0.0,inf,B_New
B_OU Mean-Reversion Entry,UNI_USDT,0,0.0,0.0,0.0,0.0,0.0,0.0,0.0,0.0,inf,B_New
RSI_MetaFiltered,UNI_USDT,0,0.0,0.0,0.0,0.0,0.0,0.0,0.0,0.0,inf,B_New
RSI_MetaFiltered,BNB_USDT,0,0.0,0.0,0.0,0.0,0.0,0.0,0.0,0.0,inf,B_New
B_Funding Rate Arb,DOGE_USDT,0,0.0,0.0,0.0,0.0,0.0,0.0,0.0,0.0,inf,B_New
MACD_MetaFiltered,BNB_USDT,0,0.0,0.0,0.0,0.0,0.0,0.0,0.0,0.0,inf,B_New
Ensemble_MetaFiltered,BNB_USDT,0,0.0,0.0,0.0,0.0,0.0,0.0,0.0,0.0,inf,B_New
Base_ML_MetaFiltered,ETH_USDT,0,0.0,0.0,0.0,0.0,0.0,0.0,0.0,0.0,inf,B_New
RSI_MetaFiltered,LTC_USDT,0,0.0,0.0,0.0,0.0,0.0,0.0,0.0,0.0,inf,B_New
MACD_MetaFiltered,UNI_USDT,0,0.0,0.0,0.0,0.0,0.0,0.0,0.0,0.0,inf,B_New
Ensemble_MetaFiltered,UNI_USDT,0,0.0,0.0,0.0,0.0,0.0,0.0,0.0,0.0,inf,B_New
Ensemble_MetaFiltered,NEAR_USDT,0,0.0,0.0,0.0,0.0,0.0,0.0,0.0,0.0,inf,B_New
MACD_MetaFiltered,NEAR_USDT,0,0.0,0.0,0.0,0.0,0.0,0.0,0.0,0.0,inf,B_New
RSI_MetaFiltered,NEAR_USDT,0,0.0,0.0,0.0,0.0,0.0,0.0,0.0,0.0,inf,B_New
Base_ML_MetaFiltered,NEAR_USDT,0,0.0,0.0,0.0,0.0,0.0,0.0,0.0,0.0,inf,B_New
Ensemble_MetaFiltered,SOL_USDT,0,0.0,0.0,0.0,0.0,0.0,0.0,0.0,0.0,inf,B_New
Base_ML_MetaFiltered,SOL_USDT,0,0.0,0.0,0.0,0.0,0.0,0.0,0.0,0.0,inf,B_New
B_Funding Rate Arb,ADA_USDT,0,0.0,0.0,0.0,0.0,0.0,0.0,0.0,0.0,inf,B_New
B_OU Mean-Reversion Entry,APT_USDT,0,0.0,0.0,0.0,0.0,0.0,0.0,0.0,0.0,inf,B_New
MACD_MetaFiltered,APT_USDT,0,0.0,0.0,0.0,0.0,0.0,0.0,0.0,0.0,inf,B_New
RSI_MetaFiltered,APT_USDT,0,0.0,0.0,0.0,0.0,0.0,0.0,0.0,0.0,inf,B_New
Ensemble_MetaFiltered,APT_USDT,0,0.0,0.0,0.0,0.0,0.0,0.0,0.0,0.0,inf,B_New
Base_ML_MetaFiltered,APT_USDT,0,0.0,0.0,0.0,0.0,0.0,0.0,0.0,0.0,inf,B_New
Ensemble_MetaFiltered,TRX_USDT,0,0.0,0.0,0.0,0.0,0.0,0.0,0.0,0.0,inf,B_New
B_OU Mean-Reversion Entry,TRX_USDT,0,0.0,0.0,0.0,0.0,0.0,0.0,0.0,0.0,inf,B_New
RSI_MetaFiltered,TRX_USDT,0,0.0,0.0,0.0,0.0,0.0,0.0,0.0,0.0,inf,B_New
MACD_MetaFiltered,TRX_USDT,0,0.0,0.0,0.0,0.0,0.0,0.0,0.0,0.0,inf,B_New
Ensemble_MetaFiltered,ADA_USDT,0,0.0,0.0,0.0,0.0,0.0,0.0,0.0,0.0,inf,B_New
MACD_MetaFiltered,ADA_USDT,0,0.0,0.0,0.0,0.0,0.0,0.0,0.0,0.0,inf,B_New
RSI_MetaFiltered,ADA_USDT,0,0.0,0.0,0.0,0.0,0.0,0.0,0.0,0.0,inf,B_New
B_OU Mean-Reversion Entry,ADA_USDT,0,0.0,0.0,0.0,0.0,0.0,0.0,0.0,0.0,inf,B_New
MACD_MetaFiltered,LTC_USDT,0,0.0,0.0,0.0,0.0,0.0,0.0,0.0,0.0,inf,B_New
Base_ML_MetaFiltered,DOGE_USDT,0,0.0,0.0,0.0,0.0,0.0,0.0,0.0,0.0,inf,B_New
MACD_MetaFiltered,XRP_USDT,0,0.0,0.0,0.0,0.0,0.0,0.0,0.0,0.0,inf,B_New
Ensemble_MetaFiltered,XRP_USDT,0,0.0,0.0,0.0,0.0,0.0,0.0,0.0,0.0,inf,B_New
RSI_MetaFiltered,DOGE_USDT,0,0.0,0.0,0.0,0.0,0.0,0.0,0.0,0.0,inf,B_New
Base_ML_MetaFiltered,ADA_USDT,0,0.0,0.0,0.0,0.0,0.0,0.0,0.0,0.0,inf,B_New
MACD_MetaFiltered,DOGE_USDT,0,0.0,0.0,0.0,0.0,0.0,0.0,0.0,0.0,inf,B_New
Ensemble_MetaFiltered,DOGE_USDT,0,0.0,0.0,0.0,0.0,0.0,0.0,0.0,0.0,inf,B_New
B_Funding Rate Arb,ETH_USDT,0,0.0,0.0,0.0,0.0,0.0,0.0,0.0,0.0,inf,B_New
Base_ML_MetaFiltered,XRP_USDT,0,0.0,0.0,0.0,0.0,0.0,0.0,0.0,0.0,inf,B_New
RSI_MetaFiltered,ATOM_USDT,0,0.0,0.0,0.0,0.0,0.0,0.0,0.0,0.0,inf,B_New
Base_ML_MetaFiltered,TRX_USDT,0,0.0,0.0,0.0,0.0,0.0,0.0,0.0,0.0,inf,B_New
Ensemble_MetaFiltered,ATOM_USDT,0,0.0,0.0,0.0,0.0,0.0,0.0,0.0,0.0,inf,B_New
B_Funding Rate Arb,AVAX_USDT,0,0.0,0.0,0.0,0.0,0.0,0.0,0.0,0.0,inf,B_New
MACD_MetaFiltered,SOL_USDT,0,0.0,0.0,0.0,0.0,0.0,0.0,0.0,0.0,inf,B_New
MACD_MetaFiltered,ATOM_USDT,0,0.0,0.0,0.0,0.0,0.0,0.0,0.0,0.0,inf,B_New
Base_ML_MetaFiltered,SHIB_USDT,0,0.0,0.0,0.0,0.0,0.0,0.0,0.0,0.0,inf,B_New
B_OU Mean-Reversion Entry,AVAX_USDT,0,0.0,0.0,0.0,0.0,0.0,0.0,0.0,0.0,inf,B_New
RSI_MetaFiltered,AVAX_USDT,0,0.0,0.0,0.0,0.0,0.0,0.0,0.0,0.0,inf,B_New
MACD_MetaFiltered,AVAX_USDT,0,0.0,0.0,0.0,0.0,0.0,0.0,0.0,0.0,inf,B_New
Ensemble_MetaFiltered,AVAX_USDT,0,0.0,0.0,0.0,0.0,0.0,0.0,0.0,0.0,inf,B_New
Base_ML_MetaFiltered,AVAX_USDT,0,0.0,0.0,0.0,0.0,0.0,0.0,0.0,0.0,inf,B_New
B_Funding Rate Arb,SHIB_USDT,0,0.0,0.0,0.0,0.0,0.0,0.0,0.0,0.0,inf,B_New
B_OU Mean-Reversion Entry,LINK_USDT,0,0.0,0.0,0.0,0.0,0.0,0.0,0.0,0.0,inf,B_New
Base_ML_MetaFiltered,LINK_USDT,0,0.0,0.0,0.0,0.0,0.0,0.0,0.0,0.0,inf,B_New
RSI_MetaFiltered,LINK_USDT,0,0.0,0.0,0.0,0.0,0.0,0.0,0.0,0.0,inf,B_New
MACD_MetaFiltered,LINK_USDT,0,0.0,0.0,0.0,0.0,0.0,0.0,0.0,0.0,inf,B_New
Ensemble_MetaFiltered,LINK_USDT,0,0.0,0.0,0.0,0.0,0.0,0.0,0.0,0.0,inf,B_New
Base_ML_MetaFiltered,BTC_USDT,0,0.0,0.0,0.0,0.0,0.0,0.0,0.0,0.0,inf,B_New
Ensemble_MetaFiltered,BTC_USDT,0,0.0,0.0,0.0,0.0,0.0,0.0,0.0,0.0,inf,B_New
MACD_MetaFiltered,BTC_USDT,0,0.0,0.0,0.0,0.0,0.0,0.0,0.0,0.0,inf,B_New
RSI_MetaFiltered,BTC_USDT,0,0.0,0.0,0.0,0.0,0.0,0.0,0.0,0.0,inf,B_New
RSI_MetaFiltered,SOL_USDT,0,0.0,0.0,0.0,0.0,0.0,0.0,0.0,0.0,inf,B_New
RSI_MetaFiltered,HBAR_USDT,0,0.0,0.0,0.0,0.0,0.0,0.0,0.0,0.0,inf,B_New
Ensemble_MetaFiltered,HBAR_USDT,0,0.0,0.0,0.0,0.0,0.0,0.0,0.0,0.0,inf,B_New
MACD_MetaFiltered,HBAR_USDT,0,0.0,0.0,0.0,0.0,0.0,0.0,0.0,0.0,inf,B_New
Base_ML_MetaFiltered,ATOM_USDT,0,0.0,0.0,0.0,0.0,0.0,0.0,0.0,0.0,inf,B_New
RSI_MetaFiltered,SHIB_USDT,0,0.0,0.0,0.0,0.0,0.0,0.0,0.0,0.0,inf,B_New
B_Funding Rate Arb,HBAR_USDT,0,0.0,0.0,0.0,0.0,0.0,0.0,0.0,0.0,inf,B_New
B_Funding Rate Arb,BTC_USDT,0,0.0,0.0,0.0,0.0,0.0,0.0,0.0,0.0,inf,B_New
MACD_MetaFiltered,SHIB_USDT,0,0.0,0.0,0.0,0.0,0.0,0.0,0.0,0.0,inf,B_New
Ensemble_MetaFiltered,SHIB_USDT,0,0.0,0.0,0.0,0.0,0.0,0.0,0.0,0.0,inf,B_New
B_OU Mean-Reversion Entry,SHIB_USDT,0,0.0,0.0,0.0,0.0,0.0,0.0,0.0,0.0,inf,B_New
Base_ML_MetaFiltered,HBAR_USDT,0,0.0,0.0,0.0,0.0,0.0,0.0,0.0,0.0,inf,B_New
RSI_MetaFiltered,SUI_USDT,0,0.0,0.0,0.0,0.0,0.0,0.0,0.0,0.0,inf,B_New
MACD_MetaFiltered,SUI_USDT,0,0.0,0.0,0.0,0.0,0.0,0.0,0.0,0.0,inf,B_New
Ensemble_MetaFiltered,SUI_USDT,0,0.0,0.0,0.0,0.0,0.0,0.0,0.0,0.0,inf,B_New
Base_ML_MetaFiltered,SUI_USDT,0,0.0,0.0,0.0,0.0,0.0,0.0,0.0,0.0,inf,B_New
B_Volatility Breakout (TTM Squeeze),ADA_USDT,453,-110.96,496.72,607.68,49.4,-0.01,-0.001,-0.009,-16.06,0.99,B_New
A_Ensemble A (RSI+MACD+BB),DOT_USDT,2908,-155.47,2426.35,2581.82,43.0,-0.01,-0.004,-0.021,-12.86,0.99,A_Original
B_Keltner Channel Breakout,APT_USDT,437,-133.08,1838.77,1971.84,42.6,-0.011,-0.003,-0.025,-15.26,0.99,B_New
B_Donchian Breakout,SOL_USDT,452,-204.5,646.66,851.16,47.3,-0.012,-0.002,-0.023,-15.38,0.98,B_New
B_Volatility Breakout (TTM Squeeze),TRX_USDT,336,-94.47,433.33,527.8,43.8,-0.013,-0.002,-0.011,-11.37,0.98,B_New
B_Volatility Breakout (TTM Squeeze),ETH_USDT,550,-128.09,496.44,624.54,44.7,-0.016,-0.002,-0.007,-21.84,0.99,B_New
A_RSI Mean Reversion,ADA_USDT,141,-55.27,141.12,196.39,53.9,-0.018,-0.001,-0.01,-6.79,0.98,A_Original
A_MACD Momentum,AVAX_USDT,2336,-314.17,1889.67,2203.84,38.4,-0.02,-0.009,-0.039,-14.65,0.99,A_Original
B_Ichimoku Cloud,DOT_USDT,1130,-318.77,2033.06,2351.83,39.6,-0.022,-0.007,-0.023,-24.89,0.99,B_New
A_RSI Mean Reversion,AVAX_USDT,106,-75.98,140.47,216.45,51.9,-0.023,-0.002,-0.015,-8.81,0.97,A_Original
B_VWAP Reversion,HBAR_USDT,2831,-284.72,2374.39,2659.1,60.3,-0.024,-0.005,-0.018,-24.75,0.99,B_New
A_RSI Mean Reversion,LINK_USDT,144,-103.76,108.59,212.35,51.4,-0.036,-0.002,-0.02,-7.2,0.97,A_Original
B_Ornstein-Uhlenbeck Filter,SUI_USDT,1529,-159.62,1480.84,1640.46,52.4,-0.037,-0.012,-0.042,-12.77,0.99,B_New
B_Volatility Breakout (TTM Squeeze),BNB_USDT,450,-181.59,210.14,391.73,44.4,-0.037,-0.004,-0.017,-13.01,0.98,B_New
A_MACD Momentum,APT_USDT,1459,-234.09,2057.29,2291.38,37.6,-0.039,-0.021,-0.037,-18.08,0.99,A_Original
B_Ensemble B (VWAP+Don+Kelt+Fund+OFI),NEAR_USDT,3548,-354.83,2620.92,2975.74,54.1,-0.04,-0.013,-0.03,-21.56,0.99,B_New
A_MACD Momentum,TRX_USDT,3252,-393.54,2685.33,3078.87,35.5,-0.044,-0.021,-0.025,-19.99,0.99,A_Original
B_MACD Centerline Cross + Divergence,LTC_USDT,3415,-392.82,2580.5,2973.32,45.6,-0.048,-0.017,-0.017,-28.08,0.99,B_New
"B_SuperTrend (ATR×3, 10)",DOT_USDT,623,-252.81,907.82,1160.63,38.2,-0.049,-0.012,-0.05,-9.01,0.98,B_New
B_Volatility Breakout (TTM Squeeze),XRP_USDT,481,-281.18,302.86,584.03,42.8,-0.051,-0.006,-0.016,-22.32,0.97,B_New
A_RSI Mean Reversion,XRP_USDT,139,-158.58,40.25,198.82,56.8,-0.051,-0.002,-0.024,-8.26,0.94,A_Original
"B_SuperTrend (ATR×3, 10)",HBAR_USDT,715,-787.82,215.87,1003.69,36.6,-0.056,-0.025,-0.042,-29.62,0.95,B_New
B_Volatility Breakout (TTM Squeeze),BTC_USDT,536,-212.66,382.35,595.01,39.7,-0.057,-0.008,-0.015,-16.0,0.97,B_New
B_Futures Short RF Model,LTC_USDT,791,-434.62,728.42,1163.04,47.7,-0.058,-0.009,-0.033,-15.84,0.98,B_New
A_Bollinger Band Reversion,ATOM_USDT,1017,-389.38,1079.17,1468.55,60.6,-0.064,-0.009,-0.029,-19.59,0.98,A_Original
B_Ornstein-Uhlenbeck Filter,SOL_USDT,2968,-492.77,2039.71,2532.48,52.9,-0.07,-0.021,-0.052,-16.96,0.99,B_New
B_OFI Momentum,BNB_USDT,2517,-605.77,1182.85,1788.62,43.7,-0.083,-0.025,-0.049,-15.04,0.98,B_New
B_MACD Centerline Cross + Divergence,AVAX_USDT,2281,-457.76,1708.58,2166.34,46.9,-0.083,-0.028,-0.049,-17.09,0.98,B_New
B_Volatility Breakout (TTM Squeeze),AVAX_USDT,327,-400.83,200.75,601.58,45.6,-0.084,-0.011,-0.037,-19.46,0.96,B_New
A_Bollinger Band Reversion,LTC_USDT,1181,-508.97,761.54,1270.52,62.3,-0.084,-0.01,-0.037,-16.85,0.97,A_Original
B_GARCH Volatility Position Sizing,SUI_USDT,330,-298.37,859.85,1158.22,44.2,-0.084,-0.019,-0.058,-17.27,0.97,B_New
A_Bollinger Band Reversion,ETH_USDT,1197,-444.95,688.94,1133.89,64.2,-0.089,-0.011,-0.062,-8.35,0.97,A_Original
B_OFI Momentum,BTC_USDT,2494,-480.37,1497.53,1977.9,39.1,-0.094,-0.029,-0.03,-18.53,0.98,B_New
B_Funding Rate Arb,TRX_USDT,2,-7.17,15.02,22.19,50.0,-0.101,0.0,-0.043,-0.21,0.66,B_New
B_Volatility Breakout (TTM Squeeze),DOT_USDT,354,-410.3,187.64,597.95,48.0,-0.105,-0.012,-0.057,-12.72,0.95,B_New
A_RSI Mean Reversion,SOL_USDT,112,-213.93,-37.19,176.74,46.4,-0.112,-0.007,-0.064,-5.89,0.93,A_Original
B_Base RF Model,ICP_USDT,696,-552.92,952.11,1505.03,43.5,-0.122,-0.026,-0.062,-18.17,0.97,B_New
B_Trend RF Model,BNB_USDT,913,-830.02,41.77,871.79,48.0,-0.124,-0.019,-0.049,-20.56,0.96,B_New
B_Ornstein-Uhlenbeck Filter,AVAX_USDT,2919,-727.38,2040.9,2768.28,52.5,-0.126,-0.044,-0.051,-26.07,0.98,B_New
A_Ensemble A (RSI+MACD+BB),ATOM_USDT,3720,-744.77,2525.77,3270.54,42.6,-0.126,-0.054,-0.036,-30.38,0.98,A_Original
B_Ornstein-Uhlenbeck Filter,HBAR_USDT,3283,-835.81,1954.7,2790.51,54.1,-0.137,-0.043,-0.051,-25.77,0.98,B_New
A_Bollinger Band Reversion,SUI_USDT,427,-296.34,502.18,798.51,63.7,-0.14,-0.018,-0.07,-14.24,0.96,A_Original
B_MTF SMA-200 Filter,APT_USDT,1369,-673.53,2916.9,3590.43,36.1,-0.145,-0.06,-0.072,-27.02,0.97,B_New
B_Ensemble B (VWAP+Don+Kelt+Fund+OFI),ICP_USDT,3056,-667.03,2066.72,2733.75,53.7,-0.145,-0.044,-0.065,-21.26,0.98,B_New
B_Ichimoku Cloud,APT_USDT,688,-595.65,2053.67,2649.32,40.3,-0.152,-0.054,-0.079,-21.67,0.96,B_New
A_MACD Momentum,BTC_USDT,3551,-741.11,1934.97,2676.08,35.9,-0.154,-0.063,-0.038,-23.35,0.97,A_Original
B_Ichimoku Cloud,ATOM_USDT,1394,-1184.64,1430.78,2615.43,40.3,-0.159,-0.047,-0.061,-29.19,0.97,B_New
B_Keltner Channel Breakout,SUI_USDT,392,-482.46,609.64,1092.1,44.4,-0.159,-0.038,-0.096,-16.93,0.96,B_New
"B_SuperTrend (ATR×3, 10)",UNI_USDT,658,-730.7,170.31,901.01,38.8,-0.164,-0.032,-0.054,-24.9,0.95,B_New
B_GARCH Volatility Position Sizing,UNI_USDT,649,-1013.21,310.87,1324.07,44.8,-0.172,-0.034,-0.078,-24.04,0.95,B_New
A_Bollinger Band Reversion,BNB_USDT,1208,-853.1,80.7,933.8,64.0,-0.177,-0.021,-0.047,-22.24,0.94,A_Original
A_RSI Mean Reversion,UNI_USDT,97,-298.18,-143.15,155.04,46.4,-0.178,-0.012,-0.062,-8.58,0.87,A_Original
B_MACD Centerline Cross + Divergence,TRX_USDT,3242,-816.49,2233.16,3049.64,45.5,-0.178,-0.055,-0.038,-28.08,0.97,B_New
A_Ensemble A (RSI+MACD+BB),ETH_USDT,4424,-907.13,2438.57,3345.7,40.4,-0.181,-0.068,-0.039,-28.11,0.98,A_Original
B_GARCH Volatility Position Sizing,LTC_USDT,982,-1195.82,302.0,1497.81,46.8,-0.181,-0.031,-0.069,-21.9,0.95,B_New
B_Futures Short RF Model,ATOM_USDT,676,-1041.48,253.82,1295.3,47.8,-0.186,-0.031,-0.053,-29.13,0.95,B_New
B_Base RF Model,APT_USDT,451,-588.41,1108.14,1696.55,42.4,-0.187,-0.041,-0.082,-20.61,0.95,B_New
B_Ensemble B (VWAP+Don+Kelt+Fund+OFI),HBAR_USDT,3964,-1199.57,1938.56,3138.12,54.0,-0.189,-0.058,-0.061,-31.5,0.97,B_New
"B_SuperTrend (ATR×3, 10)",ICP_USDT,563,-683.78,428.87,1112.65,36.8,-0.197,-0.053,-0.085,-16.48,0.95,B_New
B_GARCH Volatility Position Sizing,APT_USDT,380,-657.89,1097.94,1755.83,47.4,-0.205,-0.041,-0.083,-22.9,0.94,B_New
B_Elliott Wave + Base ML,APT_USDT,196,-458.1,352.61,810.7,40.8,-0.207,-0.032,-0.093,-14.05,0.92,B_New
B_Ichimoku Cloud,LTC_USDT,1689,-1474.37,528.22,2002.59,38.0,-0.216,-0.069,-0.057,-33.33,0.96,B_New
B_Futures Short RF Model,SUI_USDT,273,-531.99,371.94,903.93,45.4,-0.22,-0.04,-0.094,-19.2,0.93,B_New
B_Keltner Channel Breakout,UNI_USDT,752,-1088.86,12.61,1101.46,42.7,-0.221,-0.049,-0.093,-21.68,0.94,B_New
B_Donchian Breakout,DOGE_USDT,368,-7010.4,-6781.2,229.2,45.1,-0.223,-0.013,-0.207,-78.38,0.47,B_New
B_Volatility Breakout (TTM Squeeze),SOL_USDT,340,-838.17,-320.15,518.03,46.2,-0.225,-0.03,-0.106,-14.28,0.9,B_New
A_Ensemble A (RSI+MACD+BB),SOL_USDT,2916,-1021.24,1214.65,2235.89,42.8,-0.227,-0.083,-0.091,-20.53,0.97,A_Original
B_Ornstein-Uhlenbeck Filter,APT_USDT,1755,-696.07,1616.72,2312.79,51.6,-0.23,-0.075,-0.101,-19.94,0.96,B_New
A_RSI Mean Reversion,BNB_USDT,153,-486.37,-359.45,126.92,50.3,-0.232,-0.011,-0.068,-8.57,0.84,A_Original
A_Ensemble A (RSI+MACD+BB),NEAR_USDT,2959,-1111.07,1014.88,2125.95,41.7,-0.233,-0.096,-0.105,-19.99,0.96,A_Original
A_Bollinger Band Reversion,BTC_USDT,1244,-843.28,169.63,1012.91,64.4,-0.243,-0.029,-0.077,-13.08,0.93,A_Original
A_Ensemble A (RSI+MACD+BB),AVAX_USDT,2930,-1141.38,1300.94,2442.32,40.8,-0.246,-0.105,-0.08,-26.66,0.97,A_Original
B_MTF SMA-200 Filter,ATOM_USDT,2928,-1946.39,1687.55,3633.94,35.7,-0.262,-0.106,-0.093,-32.53,0.96,B_New
B_Volatility Breakout (TTM Squeeze),LINK_USDT,465,-1004.55,-425.75,578.8,43.7,-0.266,-0.035,-0.083,-17.31,0.9,B_New
A_MACD Momentum,NEAR_USDT,2388,-1419.87,516.25,1936.12,37.3,-0.267,-0.129,-0.112,-24.28,0.95,A_Original
"B_SuperTrend (ATR×3, 10)",APT_USDT,374,-643.64,705.73,1349.37,36.4,-0.268,-0.079,-0.09,-20.74,0.92,B_New
B_Trend RF Model,ETH_USDT,970,-1676.13,-625.83,1050.29,44.6,-0.279,-0.048,-0.068,-30.45,0.92,B_New
B_Ensemble B (VWAP+Don+Kelt+Fund+OFI),SUI_USDT,1814,-679.14,1046.22,1725.36,52.2,-0.284,-0.092,-0.179,-12.9,0.96,B_New
B_Keltner Channel Breakout,LTC_USDT,1034,-1592.57,-444.48,1148.09,44.2,-0.294,-0.06,-0.077,-26.53,0.92,B_New
B_Donchian Breakout,APT_USDT,247,-636.92,711.62,1348.54,43.7,-0.294,-0.046,-0.122,-15.09,0.91,B_New
B_MACD Centerline Cross + Divergence,DOT_USDT,2254,-1133.4,1081.39,2214.79,47.5,-0.295,-0.092,-0.106,-19.72,0.95,B_New
B_MTF SMA-200 Filter,BTC_USDT,3582,-1699.05,1268.38,2967.42,34.5,-0.295,-0.107,-0.072,-29.44,0.95,B_New
B_Volatility Breakout (TTM Squeeze),DOGE_USDT,428,-961.36,-488.68,472.68,42.1,-0.305,-0.042,-0.098,-14.99,0.88,B_New
"B_SuperTrend (ATR×3, 10)",ATOM_USDT,774,-1345.9,-6.39,1339.51,37.7,-0.31,-0.073,-0.072,-28.33,0.92,B_New
B_Elliott Wave + Base ML,ATOM_USDT,415,-1197.19,-622.02,575.17,45.3,-0.313,-0.042,-0.116,-15.57,0.89,B_New
B_Volatility Breakout (TTM Squeeze),NEAR_USDT,304,-923.2,-388.48,534.73,45.7,-0.315,-0.039,-0.124,-13.92,0.88,B_New
B_Ornstein-Uhlenbeck Filter,ADA_USDT,3792,-1749.36,909.96,2659.31,52.3,-0.316,-0.096,-0.098,-24.21,0.95,B_New
B_Ornstein-Uhlenbeck Filter,ATOM_USDT,3577,-1594.44,1251.93,2846.36,54.6,-0.317,-0.085,-0.131,-18.68,0.95,B_New
B_VWAP Reversion,DOGE_USDT,2616,-1530.42,529.83,2060.26,58.5,-0.324,-0.067,-0.122,-19.7,0.94,B_New
B_Trend RF Model,LTC_USDT,990,-1790.26,-599.93,1190.33,45.5,-0.328,-0.062,-0.075,-30.88,0.92,B_New
B_OFI Momentum,ICP_USDT,1574,-1368.57,491.24,1859.82,43.6,-0.33,-0.099,-0.125,-23.24,0.94,B_New
A_MACD Momentum,LTC_USDT,3586,-1905.05,947.08,2852.13,36.4,-0.332,-0.153,-0.069,-35.96,0.95,A_Original
B_OFI Momentum,LINK_USDT,2237,-1843.13,82.69,1925.82,44.1,-0.344,-0.104,-0.096,-28.67,0.94,B_New
B_Volatility Breakout (TTM Squeeze),ICP_USDT,307,-842.87,-157.0,685.87,42.0,-0.352,-0.045,-0.087,-20.03,0.87,B_New
A_RSI Mean Reversion,SUI_USDT,57,-348.2,-203.36,144.84,49.1,-0.354,-0.018,-0.177,-6.61,0.79,A_Original
B_Keltner Channel Breakout,ATOM_USDT,905,-1890.03,-133.92,1756.11,46.1,-0.356,-0.075,-0.112,-26.29,0.91,B_New
A_Bollinger Band Reversion,DOGE_USDT,942,-1321.51,-300.34,1021.17,60.6,-0.372,-0.046,-0.101,-20.42,0.9,A_Original
A_RSI Mean Reversion,ETH_USDT,196,-683.97,-500.47,183.5,49.0,-0.377,-0.025,-0.087,-9.35,0.8,A_Original
B_OU Mean-Reversion Entry,ATOM_USDT,1,-26.23,-25.93,0.3,0.0,-0.377,0.0,-0.143,-0.26,0.0,B_New
B_OFI Momentum,APT_USDT,1105,-1130.76,1149.37,2280.14,40.5,-0.378,-0.136,-0.122,-27.26,0.93,B_New
B_Ornstein-Uhlenbeck Filter,BNB_USDT,3774,-1938.09,356.56,2294.65,51.5,-0.378,-0.112,-0.097,-25.82,0.94,B_New
A_RSI Mean Reversion,BTC_USDT,191,-718.8,-529.65,189.14,49.7,-0.386,-0.023,-0.075,-11.34,0.78,A_Original
A_MACD Momentum,ICP_USDT,2122,-1624.15,494.51,2118.65,37.2,-0.389,-0.176,-0.119,-29.35,0.94,A_Original
B_OU Mean-Reversion Entry,HBAR_USDT,1,-23.26,-22.96,0.3,0.0,-0.389,0.0,-0.152,-0.23,0.0,B_New
B_OU Mean-Reversion Entry,NEAR_USDT,2,-39.18,-38.58,0.6,50.0,-0.4,0.0,-0.17,-0.41,0.05,B_New
B_Base RF Model,SUI_USDT,387,-949.46,97.2,1046.66,41.9,-0.407,-0.087,-0.16,-20.42,0.91,B_New
A_Bollinger Band Reversion,UNI_USDT,778,-1452.69,-542.5,910.18,61.3,-0.408,-0.053,-0.189,-14.53,0.9,A_Original
A_MACD Momentum,ATOM_USDT,2917,-2118.66,527.49,2646.15,37.8,-0.414,-0.184,-0.101,-32.86,0.94,A_Original
B_Trend RF Model,SOL_USDT,673,-2071.53,-976.86,1094.67,48.7,-0.434,-0.07,-0.163,-24.32,0.89,B_New
B_OU Mean-Reversion Entry,DOT_USDT,2,-36.93,-36.33,0.6,0.0,-0.441,-0.003,-0.175,-0.37,0.0,B_New
A_MACD Momentum,HBAR_USDT,2894,-2616.36,-602.06,2014.29,36.8,-0.443,-0.224,-0.115,-38.89,0.91,A_Original
B_Ensemble B (VWAP+Don+Kelt+Fund+OFI),BNB_USDT,4569,-2191.72,427.23,2618.95,52.5,-0.447,-0.127,-0.099,-29.12,0.94,B_New
B_Donchian Breakout,SUI_USDT,218,-926.82,-282.83,643.99,42.2,-0.459,-0.072,-0.201,-15.79,0.86,B_New
B_Ornstein-Uhlenbeck Filter,DOGE_USDT,3121,-2089.85,124.03,2213.89,51.5,-0.466,-0.128,-0.145,-23.29,0.92,B_New
A_RSI Mean Reversion,TRX_USDT,189,-815.14,-491.85,323.29,46.0,-0.478,-0.032,-0.127,-8.46,0.74,A_Original
A_Ensemble A (RSI+MACD+BB),HBAR_USDT,3609,-2208.26,107.48,2315.74,40.3,-0.49,-0.217,-0.16,-23.17,0.93,A_Original
A_Bollinger Band Reversion,APT_USDT,501,-1059.12,187.81,1246.93,61.9,-0.496,-0.063,-0.179,-17.33,0.88,A_Original
A_Ensemble A (RSI+MACD+BB),ADA_USDT,4164,-2264.5,579.13,2843.64,40.8,-0.501,-0.197,-0.108,-29.14,0.94,A_Original
B_Scalping RF Model (1m),ICP_USDT,4540,-2151.47,1413.81,3565.28,48.3,-0.505,-0.199,-0.135,-35.09,0.95,B_New
B_Scalping RF Model (1m),SHIB_USDT,4541,-1954.0,566.09,2520.09,47.3,-0.517,-0.216,-0.147,-28.91,0.95,B_New
B_Funding Rate Arb,BNB_USDT,3,-83.88,-53.45,30.43,0.0,-0.527,-0.006,-0.118,-0.84,0.0,B_New
B_Donchian Breakout,LTC_USDT,496,-2036.43,-1339.0,697.43,43.1,-0.529,-0.063,-0.125,-21.41,0.82,B_New
B_VWAP Reversion,LINK_USDT,3071,-2553.26,-305.63,2247.63,60.4,-0.53,-0.121,-0.126,-31.39,0.92,B_New
B_MTF SMA-200 Filter,TRX_USDT,3315,-2965.14,390.61,3355.75,32.1,-0.532,-0.209,-0.129,-33.71,0.91,B_New
A_Ensemble A (RSI+MACD+BB),LTC_USDT,4385,-2420.41,550.38,2970.78,39.8,-0.533,-0.217,-0.092,-35.25,0.93,A_Original
B_Ensemble B (VWAP+Don+Kelt+Fund+OFI),ADA_USDT,4606,-2642.27,221.76,2864.03,52.2,-0.534,-0.161,-0.119,-31.55,0.93,B_New
B_MTF SMA-200 Filter,LTC_USDT,3809,-3435.19,-369.84,3065.35,33.5,-0.534,-0.216,-0.11,-44.63,0.92,B_New
B_Funding Rate Arb,APT_USDT,11,-364.13,-65.99,298.14,36.4,-0.534,-0.012,-0.177,-5.87,0.42,B_New
B_Trend RF Model,SUI_USDT,239,-1037.83,-430.34,607.49,41.8,-0.537,-0.079,-0.242,-14.79,0.84,B_New
B_OU Mean-Reversion Entry,DOGE_USDT,2,-38.54,-37.94,0.6,0.0,-0.541,-0.2,-0.147,-0.39,0.0,B_New
B_VWAP Reversion,BNB_USDT,2662,-2330.32,-735.63,1594.69,60.1,-0.542,-0.1,-0.111,-27.65,0.9,B_New
B_OFI Momentum,LTC_USDT,2637,-2681.4,-622.71,2058.69,42.4,-0.553,-0.159,-0.091,-39.98,0.92,B_New
B_MACD Centerline Cross + Divergence,APT_USDT,1471,-1378.25,604.8,1983.05,46.6,-0.557,-0.197,-0.179,-22.88,0.91,B_New
B_Ensemble B (VWAP+Don+Kelt+Fund+OFI),ATOM_USDT,4256,-2582.35,423.62,3005.97,53.7,-0.559,-0.167,-0.144,-28.84,0.93,B_New
B_VWAP Reversion,ADA_USDT,3147,-2555.87,-414.88,2140.99,60.4,-0.564,-0.114,-0.12,-29.91,0.91,B_New
B_Ensemble B (VWAP+Don+Kelt+Fund+OFI),LINK_USDT,4468,-2665.76,89.95,2755.71,53.1,-0.571,-0.179,-0.153,-27.16,0.93,B_New
B_VWAP Reversion,ATOM_USDT,2952,-2626.92,-195.42,2431.51,59.9,-0.577,-0.12,-0.131,-32.43,0.92,B_New
B_Ensemble B (VWAP+Don+Kelt+Fund+OFI),APT_USDT,2057,-1419.78,875.88,2295.66,52.3,-0.582,-0.18,-0.172,-24.54,0.93,B_New
B_Ensemble B (VWAP+Don+Kelt+Fund+OFI),AVAX_USDT,3500,-2388.2,321.52,2709.72,52.3,-0.586,-0.19,-0.138,-34.36,0.94,B_New
B_OFI Momentum,NEAR_USDT,1748,-2612.23,-1020.37,1591.86,42.6,-0.589,-0.181,-0.146,-36.4,0.91,B_New
B_OFI Momentum,UNI_USDT,1715,-2661.4,-1320.59,1340.8,43.8,-0.595,-0.14,-0.157,-34.1,0.89,B_New
B_MTF SMA-200 Filter,SUI_USDT,1283,-1782.53,188.36,1970.9,35.2,-0.596,-0.247,-0.249,-25.35,0.91,B_New
B_Ensemble B (VWAP+Don+Kelt+Fund+OFI),DOGE_USDT,3758,-3027.38,-709.56,2317.82,52.0,-0.603,-0.16,-0.157,-32.79,0.9,B_New
B_OFI Momentum,TRX_USDT,2448,-2410.08,-363.55,2046.54,39.5,-0.627,-0.193,-0.116,-29.62,0.89,B_New
B_VWAP Reversion,AVAX_USDT,2454,-2421.14,-149.38,2271.76,58.5,-0.629,-0.144,-0.133,-36.17,0.92,B_New
B_OFI Momentum,SUI_USDT,948,-1447.79,-279.55,1168.24,41.5,-0.653,-0.202,-0.261,-19.37,0.89,B_New
A_Ensemble A (RSI+MACD+BB),TRX_USDT,4152,-2524.8,263.78,2788.59,38.9,-0.671,-0.244,-0.126,-28.77,0.91,A_Original
B_VWAP Reversion,SUI_USDT,1293,-1416.53,-80.67,1335.86,60.5,-0.672,-0.138,-0.254,-19.46,0.9,B_New
B_Ichimoku Cloud,SUI_USDT,618,-1819.52,-544.37,1275.15,37.1,-0.675,-0.241,-0.285,-22.63,0.87,B_New
A_Bollinger Band Reversion,TRX_USDT,1075,-2112.81,-933.57,1179.24,58.0,-0.68,-0.087,-0.134,-22.08,0.83,A_Original
A_Ensemble A (RSI+MACD+BB),APT_USDT,1792,-1463.57,630.68,2094.26,41.6,-0.68,-0.274,-0.197,-22.13,0.91,A_Original
B_OFI Momentum,HBAR_USDT,2067,-3483.27,-2089.86,1393.41,42.9,-0.685,-0.198,-0.142,-44.15,0.86,B_New
B_Ensemble B (VWAP+Don+Kelt+Fund+OFI),DOT_USDT,3347,-2489.48,-62.58,2426.9,52.5,-0.686,-0.204,-0.182,-26.79,0.91,B_New
A_Ensemble A (RSI+MACD+BB),BTC_USDT,4337,-2326.82,363.63,2690.45,40.1,-0.688,-0.234,-0.107,-27.98,0.91,A_Original
B_Ichimoku Cloud,UNI_USDT,1139,-3418.36,-2105.21,1313.15,36.7,-0.697,-0.174,-0.165,-43.38,0.87,B_New
B_Ornstein-Uhlenbeck Filter,DOT_USDT,2803,-2611.84,-480.71,2131.13,52.2,-0.723,-0.2,-0.182,-28.31,0.9,B_New
B_Ensemble B (VWAP+Don+Kelt+Fund+OFI),SHIB_USDT,2750,-2321.09,-970.24,1350.85,51.9,-0.728,-0.217,-0.187,-27.54,0.9,B_New
B_Ornstein-Uhlenbeck Filter,SHIB_USDT,2259,-2095.47,-942.88,1152.59,51.4,-0.746,-0.205,-0.184,-24.95,0.89,B_New
B_Ornstein-Uhlenbeck Filter,BTC_USDT,3457,-2670.67,-461.58,2209.09,47.5,-0.757,-0.205,-0.119,-29.45,0.89,B_New
B_VWAP Reversion,BTC_USDT,2230,-2486.34,-991.24,1495.1,59.1,-0.759,-0.131,-0.117,-27.62,0.87,B_New
B_VWAP Reversion,DOT_USDT,2258,-2809.57,-909.38,1900.2,59.9,-0.782,-0.157,-0.189,-29.64,0.88,B_New
A_MACD Momentum,SUI_USDT,1294,-1835.49,-485.28,1350.21,37.6,-0.787,-0.388,-0.315,-20.69,0.88,A_Original
B_Ornstein-Uhlenbeck Filter,LINK_USDT,3704,-3301.54,-1031.41,2270.13,52.2,-0.791,-0.233,-0.162,-33.02,0.89,B_New
B_MTF SMA-200 Filter,UNI_USDT,2393,-4466.09,-2603.72,1862.37,34.5,-0.799,-0.215,-0.222,-44.84,0.85,B_New
B_Futures Short RF Model,APT_USDT,328,-1909.75,-559.71,1350.05,42.4,-0.809,-0.14,-0.213,-27.21,0.79,B_New
B_Volatility Breakout (TTM Squeeze),LTC_USDT,508,-2882.16,-2379.84,502.32,37.6,-0.816,-0.116,-0.129,-30.67,0.74,B_New
B_VWAP Reversion,UNI_USDT,2394,-3186.47,-1558.81,1627.66,59.1,-0.833,-0.167,-0.204,-32.34,0.87,B_New
B_Ornstein-Uhlenbeck Filter,ETH_USDT,3738,-3504.37,-1371.13,2133.24,50.6,-0.84,-0.238,-0.136,-35.46,0.87,B_New
B_Ensemble B (VWAP+Don+Kelt+Fund+OFI),BTC_USDT,4166,-2954.87,-483.56,2471.31,48.6,-0.852,-0.239,-0.125,-31.59,0.89,B_New
B_Donchian Breakout,UNI_USDT,483,-3018.04,-2402.97,615.07,42.0,-0.859,-0.112,-0.181,-34.08,0.75,B_New
A_Ensemble A (RSI+MACD+BB),UNI_USDT,2898,-3209.58,-1193.51,2016.08,41.1,-0.872,-0.291,-0.172,-38.54,0.89,A_Original
B_MACD Centerline Cross + Divergence,UNI_USDT,2338,-3576.24,-1919.94,1656.3,44.2,-0.949,-0.267,-0.19,-39.75,0.86,B_New
B_VWAP Reversion,XRP_USDT,2706,-3653.91,-1984.17,1669.74,59.0,-0.954,-0.177,-0.143,-38.63,0.84,B_New
B_OFI Momentum,ATOM_USDT,2138,-3995.29,-2226.66,1768.63,43.9,-0.974,-0.261,-0.16,-43.67,0.84,B_New
B_VWAP Reversion,APT_USDT,1484,-2117.54,-163.49,1954.05,58.8,-0.98,-0.214,-0.22,-29.51,0.87,B_New
B_Ornstein-Uhlenbeck Filter,LTC_USDT,3881,-4259.84,-1970.7,2289.14,52.2,-1.033,-0.279,-0.142,-45.19,0.86,B_New
A_MACD Momentum,UNI_USDT,2375,-3997.22,-2400.26,1596.96,37.0,-1.04,-0.346,-0.215,-40.18,0.85,A_Original
B_VWAP Reversion,LTC_USDT,3048,-4166.52,-2297.95,1868.58,58.8,-1.046,-0.205,-0.135,-46.1,0.85,B_New
B_Scalping RF Model (1m),DOT_USDT,4814,-3736.15,-680.61,3055.55,46.7,-1.052,-0.437,-0.206,-38.06,0.89,B_New
B_Scalping RF Model (1m),AVAX_USDT,4802,-4031.51,-1300.0,2731.51,46.7,-1.052,-0.454,-0.21,-41.69,0.89,B_New
B_Scalping RF Model (1m),NEAR_USDT,4575,-4055.48,-1512.11,2543.37,47.8,-1.059,-0.466,-0.203,-43.91,0.89,B_New
B_VWAP Reversion,ETH_USDT,2777,-3963.2,-2333.02,1630.18,58.4,-1.082,-0.204,-0.136,-41.32,0.83,B_New
B_Scalping RF Model (1m),XRP_USDT,6767,-4320.8,-589.42,3731.38,46.2,-1.089,-0.433,-0.145,-46.93,0.89,B_New
B_Scalping RF Model (1m),APT_USDT,3020,-2576.25,497.91,3074.16,47.4,-1.098,-0.465,-0.264,-30.52,0.89,B_New
B_Scalping RF Model (1m),LTC_USDT,7011,-4867.5,-1293.88,3573.62,45.2,-1.1,-0.468,-0.153,-49.86,0.89,B_New
B_Scalping RF Model (1m),ETH_USDT,6752,-4601.27,-1146.48,3454.79,45.4,-1.103,-0.458,-0.144,-47.42,0.89,B_New
B_Scalping RF Model (1m),ATOM_USDT,5795,-4558.81,-1095.36,3463.45,46.7,-1.103,-0.475,-0.177,-46.81,0.89,B_New
B_Scalping RF Model (1m),ADA_USDT,6753,-5048.92,-1629.29,3419.63,46.9,-1.154,-0.447,-0.153,-54.73,0.89,B_New
B_Scalping RF Model (1m),DOGE_USDT,5846,-4490.98,-1528.13,2962.86,45.4,-1.169,-0.427,-0.18,-46.36,0.87,B_New
B_Ensemble B (VWAP+Don+Kelt+Fund+OFI),LTC_USDT,4632,-4736.16,-2243.32,2492.84,52.6,-1.191,-0.332,-0.143,-51.34,0.86,B_New
B_Ornstein-Uhlenbeck Filter,XRP_USDT,3479,-4697.73,-2809.28,1888.45,50.8,-1.191,-0.299,-0.159,-47.91,0.81,B_New
B_Ornstein-Uhlenbeck Filter,TRX_USDT,3451,-4117.02,-1898.06,2218.96,46.9,-1.202,-0.335,-0.149,-43.52,0.82,B_New
B_Scalping RF Model (1m),SOL_USDT,4599,-4369.94,-1882.5,2487.44,47.4,-1.204,-0.474,-0.218,-43.7,0.88,B_New
B_Scalping RF Model (1m),LINK_USDT,5724,-5037.87,-2322.21,2715.67,47.4,-1.208,-0.5,-0.18,-50.71,0.87,B_New
B_Ensemble B (VWAP+Don+Kelt+Fund+OFI),ETH_USDT,4536,-4704.95,-2541.78,2163.16,51.1,-1.235,-0.344,-0.148,-47.61,0.84,B_New
B_VWAP Reversion,TRX_USDT,2172,-4085.07,-2594.21,1490.86,59.3,-1.248,-0.211,-0.149,-43.32,0.8,B_New
B_Volatility Breakout (TTM Squeeze),ATOM_USDT,407,-3618.02,-2917.39,700.63,40.3,-1.25,-0.131,-0.162,-38.23,0.62,B_New
B_Ornstein-Uhlenbeck Filter,UNI_USDT,2960,-4272.97,-2548.25,1724.72,51.9,-1.255,-0.337,-0.21,-44.78,0.83,B_New
A_Ensemble A (RSI+MACD+BB),SUI_USDT,1576,-2374.51,-1027.44,1347.07,40.7,-1.335,-0.544,-0.323,-26.67,0.85,A_Original
B_Ensemble B (VWAP+Don+Kelt+Fund+OFI),XRP_USDT,4247,-4996.24,-2914.84,2081.4,51.1,-1.343,-0.355,-0.158,-52.59,0.82,B_New
B_Scalping RF Model (1m),HBAR_USDT,5655,-5186.76,-2410.58,2776.18,46.8,-1.344,-0.551,-0.191,-54.94,0.87,B_New
B_Scalping RF Model (1m),BNB_USDT,6318,-5400.58,-2875.0,2525.57,44.6,-1.353,-0.48,-0.159,-54.95,0.84,B_New
B_Volatility Breakout (TTM Squeeze),SUI_USDT,174,-1934.46,-1534.27,400.19,37.4,-1.365,-0.154,-0.336,-20.52,0.59,B_New
B_Scalping RF Model (1m),UNI_USDT,4689,-5110.22,-2901.88,2208.34,47.3,-1.424,-0.502,-0.233,-51.1,0.84,B_New
B_Ensemble B (VWAP+Don+Kelt+Fund+OFI),UNI_USDT,3512,-5005.96,-3269.87,1736.09,52.0,-1.458,-0.403,-0.23,-50.34,0.81,B_New
B_Scalping RF Model (1m),BTC_USDT,6749,-4992.22,-1856.57,3135.65,43.3,-1.523,-0.578,-0.15,-50.88,0.84,B_New
B_Ensemble B (VWAP+Don+Kelt+Fund+OFI),TRX_USDT,4107,-4977.89,-2717.33,2260.56,47.6,-1.564,-0.422,-0.161,-51.8,0.81,B_New
B_Scalping RF Model (1m),SUI_USDT,2642,-3175.6,-1315.17,1860.43,47.7,-1.579,-0.642,-0.336,-35.48,0.85,B_New
B_Scalping RF Model (1m),TRX_USDT,5691,-5332.89,-2241.59,3091.29,41.4,-1.706,-0.693,-0.165,-55.72,0.83,B_New
